{
  "model": "esmc_600m",
  "pathogenic_vs_benign": {
    "n_pos": 657,
    "n_neg": 208,
    "scalars": {
      "disruption_total": {
        "auroc_pooled": 0.4725588338602037,
        "auroc_gene_stratified": 0.5710378100052295,
        "n_genes": 4,
        "per_gene": {
          "BRAF": 0.36764705882352944,
          "EGFR": 0.6578073089700996,
          "PTEN": 0.6091753774680604,
          "TP53": 0.6495214947592283
        },
        "mwu_p": 0.23249264159862448
      },
      "disruption_l2": {
        "auroc_pooled": 0.4169520547945206,
        "auroc_gene_stratified": 0.5573089951216051,
        "n_genes": 4,
        "per_gene": {
          "BRAF": 0.32761437908496727,
          "EGFR": 0.6727574750830565,
          "PTEN": 0.5993031358885017,
          "TP53": 0.6295609904298952
        },
        "mwu_p": 0.0003018225389779589
      },
      "local_l1": {
        "auroc_pooled": 0.39712855637513167,
        "auroc_gene_stratified": 0.43348976094847347,
        "n_genes": 4,
        "per_gene": {
          "BRAF": 0.16993464052287582,
          "EGFR": 0.6229235880398671,
          "PTEN": 0.6666666666666666,
          "TP53": 0.2744341485644842
        },
        "mwu_p": 7.592491211924296e-06
      },
      "n_features_changed": {
        "auroc_pooled": 0.646700474183351,
        "auroc_gene_stratified": 0.6192304762202847,
        "n_genes": 4,
        "per_gene": {
          "BRAF": 0.5625,
          "EGFR": 0.6129568106312292,
          "PTEN": 0.6178861788617886,
          "TP53": 0.683578915388121
        },
        "mwu_p": 1.7220006916540313e-10
      },
      "top10_frac": {
        "auroc_pooled": 0.5941049057487413,
        "auroc_gene_stratified": 0.5278077736044933,
        "n_genes": 4,
        "per_gene": {
          "BRAF": 0.488562091503268,
          "EGFR": 0.4817275747508305,
          "PTEN": 0.7212543554006969,
          "TP53": 0.41968707276317785
        },
        "mwu_p": 4.223831464890054e-05
      },
      "entropy": {
        "auroc_pooled": 0.46985862311204774,
        "auroc_gene_stratified": 0.24519229918799973,
        "n_genes": 4,
        "per_gene": {
          "BRAF": 0.04330065359477125,
          "EGFR": 0.49335548172757476,
          "PTEN": 0.19279907084785133,
          "TP53": 0.2513139905818016
        },
        "mwu_p": 0.1897010267723458
      }
    }
  },
  "hotspot_vs_nonhotspot": {
    "n_pos": 718,
    "n_neg": 557,
    "scalars": {
      "disruption_total": {
        "auroc_pooled": 0.468494171421713,
        "auroc_gene_stratified": 0.46499055747780516,
        "n_genes": 5,
        "per_gene": {
          "BRAF": 0.3864423552696685,
          "EGFR": 0.4670701317194731,
          "KRAS": 0.4035353535353535,
          "PTEN": 0.5117404638681234,
          "TP53": 0.556164482996407
        },
        "mwu_p": 0.05334085248996541
      },
      "disruption_l2": {
        "auroc_pooled": 0.49359881578091946,
        "auroc_gene_stratified": 0.4597973208897651,
        "n_genes": 5,
        "per_gene": {
          "BRAF": 0.3814943097476497,
          "EGFR": 0.49092203631185477,
          "KRAS": 0.3808080808080808,
          "PTEN": 0.4998083189572552,
          "TP53": 0.5459538586239854
        },
        "mwu_p": 0.6946866349271958
      },
      "local_l1": {
        "auroc_pooled": 0.3398703760195636,
        "auroc_gene_stratified": 0.3920691993161384,
        "n_genes": 5,
        "per_gene": {
          "BRAF": 0.4225630875804057,
          "EGFR": 0.38875044499822003,
          "KRAS": 0.37424242424242427,
          "PTEN": 0.49400996741422276,
          "TP53": 0.28078007234541913
        },
        "mwu_p": 9.184297491841011e-23
      },
      "n_features_changed": {
        "auroc_pooled": 0.33298660252146645,
        "auroc_gene_stratified": 0.48352903031655003,
        "n_genes": 5,
        "per_gene": {
          "BRAF": 0.4162543295398317,
          "EGFR": 0.432004271982912,
          "KRAS": 0.48535353535353537,
          "PTEN": 0.5140406363810619,
          "TP53": 0.5699923783254092
        },
        "mwu_p": 1.2611254273424571e-24
      },
      "top10_frac": {
        "auroc_pooled": 0.4122087586203448,
        "auroc_gene_stratified": 0.45547481277929086,
        "n_genes": 5,
        "per_gene": {
          "BRAF": 0.44285007422068284,
          "EGFR": 0.5720897116411534,
          "KRAS": 0.40707070707070714,
          "PTEN": 0.4335825186889017,
          "TP53": 0.4217810522750094
        },
        "mwu_p": 7.281145787695824e-08
      },
      "entropy": {
        "auroc_pooled": 0.34177072758460314,
        "auroc_gene_stratified": 0.4231667452012687,
        "n_genes": 5,
        "per_gene": {
          "BRAF": 0.3619495299356754,
          "EGFR": 0.5571377714489143,
          "KRAS": 0.4292929292929293,
          "PTEN": 0.4207398888249952,
          "TP53": 0.346713606503829
        },
        "mwu_p": 2.8990264781407304e-22
      }
    }
  }
}