{
  "task": "pathogenic_vs_benign",
  "model": "esmc_600m",
  "overall": {
    "auroc": 0.9766347617375014,
    "auprc": 0.9924023360880788,
    "n_pos": 657,
    "n_neg": 208
  },
  "per_gene": {
    "BRAF": {
      "auroc": 0.9836601307189542,
      "auprc": 0.9982124121635833,
      "n_pos": 102,
      "n_neg": 12
    },
    "EGFR": {
      "auroc": 0.9800664451827243,
      "auprc": 0.9460051852908995,
      "n_pos": 14,
      "n_neg": 43
    },
    "KRAS": {
      "auroc": 1.0,
      "auprc": 1.0,
      "n_pos": 68,
      "n_neg": 1
    },
    "PTEN": {
      "auroc": 0.9965156794425086,
      "auprc": 0.9999020472132434,
      "n_pos": 246,
      "n_neg": 7
    },
    "TP53": {
      "auroc": 0.9598663223454351,
      "auprc": 0.9718412799600331,
      "n_pos": 227,
      "n_neg": 145
    }
  }
}