{
  "model": "esmc_600m",
  "n_labeled": 865,
  "likelihood": {
    "test_genes": [
      "BRAF",
      "EGFR",
      "TP53"
    ],
    "per_gene": {
      "BRAF": {
        "auroc": 0.9836601307189542,
        "auprc": 0.9982124121635833,
        "n_pos": 102,
        "n_neg": 12
      },
      "EGFR": {
        "auroc": 0.9800664451827243,
        "auprc": 0.9460051852908995,
        "n_pos": 14,
        "n_neg": 43
      },
      "TP53": {
        "auroc": 0.9598663223454351,
        "auprc": 0.9718412799600331,
        "n_pos": 227,
        "n_neg": 145
      }
    },
    "mean_auroc": 0.9745309660823712,
    "pooled": {
      "auroc": 0.9639067055393586,
      "auprc": 0.9781979770646625,
      "n_pos": 343,
      "n_neg": 200
    }
  },
  "embedding": {
    "test_genes": [
      "BRAF",
      "EGFR",
      "TP53"
    ],
    "per_gene": {
      "BRAF": {
        "auroc": 0.7565359477124184,
        "auprc": 0.9553233952165181,
        "n_pos": 102,
        "n_neg": 12
      },
      "EGFR": {
        "auroc": 0.4950166112956811,
        "auprc": 0.24137366255503678,
        "n_pos": 14,
        "n_neg": 43
      },
      "TP53": {
        "auroc": 0.5246544128816648,
        "auprc": 0.6444193550600386,
        "n_pos": 227,
        "n_neg": 145
      }
    },
    "mean_auroc": 0.5920689906299215,
    "pooled": {
      "auroc": 0.5065743440233236,
      "auprc": 0.6181167748166116,
      "n_pos": 343,
      "n_neg": 200
    }
  },
  "sae_disruption": {
    "test_genes": [
      "BRAF",
      "EGFR",
      "TP53"
    ],
    "per_gene": {
      "BRAF": {
        "auroc": 0.9861111111111112,
        "auprc": 0.9982960007813646,
        "n_pos": 102,
        "n_neg": 12
      },
      "EGFR": {
        "auroc": 0.7740863787375416,
        "auprc": 0.5699998890117848,
        "n_pos": 14,
        "n_neg": 43
      },
      "TP53": {
        "auroc": 0.8401032963694363,
        "auprc": 0.8643069404463566,
        "n_pos": 227,
        "n_neg": 145
      }
    },
    "mean_auroc": 0.866766928739363,
    "pooled": {
      "auroc": 0.7540087463556853,
      "auprc": 0.7843285217503011,
      "n_pos": 343,
      "n_neg": 200
    }
  },
  "combined": {
    "test_genes": [
      "BRAF",
      "EGFR",
      "TP53"
    ],
    "per_gene": {
      "BRAF": {
        "auroc": 0.9934640522875817,
        "auprc": 0.9992621522821254,
        "n_pos": 102,
        "n_neg": 12
      },
      "EGFR": {
        "auroc": 0.9219269102990034,
        "auprc": 0.8655063190777477,
        "n_pos": 14,
        "n_neg": 43
      },
      "TP53": {
        "auroc": 0.9404222998632842,
        "auprc": 0.9530992146652548,
        "n_pos": 227,
        "n_neg": 145
      }
    },
    "mean_auroc": 0.9519377541499564,
    "pooled": {
      "auroc": 0.919737609329446,
      "auprc": 0.9382457358358267,
      "n_pos": 343,
      "n_neg": 200
    }
  }
}