feature_id,mean_abs_shap
13421,0.8427686
12753,0.28355247
367,0.2716772
3849,0.26685017
13783,0.25005928
10168,0.24143764
3471,0.22845072
15067,0.20597005
5130,0.20479926
16049,0.19467688
7117,0.18093674
401,0.16275749
6413,0.16088787
9923,0.14223765
10032,0.13585463
14517,0.13145144
4202,0.12455056
15825,0.1230913
2302,0.12244618
7726,0.11295356
4755,0.11147853
6132,0.10939838
11379,0.10721798
13435,0.09772092
516,0.09146913
